"Reference","Value","Datasheet","Footprint","Qty","DNP"
"C301,C303,C501,C503,C601,C801","10uF 25V","~","Capacitor_SMD:C_1206_3216Metric","6",""
"C302,C502","3.3nF","~","Capacitor_SMD:C_0402_1005Metric","2",""
"C304,C306,C504,C506,R712,R910","NP","~","Capacitor_SMD:C_0402_1005Metric,Resistor_SMD:R_0402_1005Metric,Resistor_SMD:R_0603_1608Metric_Pad0.98x0.95mm_HandSolder","6",""
"C305,C401,C505,C701,C702,C704,C705,C706,C707,C708,C709,C711,C713,C802,C1101,C1201,C1202,C1203,C1204,C1301,C1401","0.1uF","~","Capacitor_SMD:C_0402_1005Metric,Capacitor_SMD:C_0402_1005Metric_Pad0.74x0.62mm_HandSolder","21",""
"C307,C308,C309,C507,C508,C509,C602","22uF 16V","~","Capacitor_SMD:C_1206_3216Metric","7",""
"C703,C710,C712,C714","2.2uF","~","Capacitor_SMD:C_0402_1005Metric_Pad0.74x0.62mm_HandSolder","4",""
"C715,C716","15pF","~","Capacitor_SMD:C_0402_1005Metric_Pad0.74x0.62mm_HandSolder","2",""
"C803,C805,C806","22uF 25V","~","Capacitor_SMD:C_1206_3216Metric","3",""
"C804","1uF 10V","~","Capacitor_SMD:C_0402_1005Metric","1",""
"D101,D103","SZP6SMB10AT3G","~","footprints:DIOM4336X265N","2",""
"D102","SZP6SMB6.8AT3G","~","footprints:DIOM4336X265N","1",""
"D201,D202","LED","~","LED_SMD:LED_0603_1608Metric","2",""
"D701,D702,D703,D704","PESD3V3L1BA","~","Diode_SMD:D_SOD-323","4",""
"F101,F102","Polyfuse","~","Fuse:Fuse_1812_4532Metric","2",""
"FID1201,FID1202,FID1203","Fiducial","~","Fiducial:Fiducial_1mm_Mask2mm","3",""
"H1201,H1202,H1203,H1204","MountingHole_Pad","~","MountingHole:MountingHole_2.2mm_M2_Pad_Via","4",""
"J101","Conn_01x03_Pin","~","Connector_JST:JST_XH_S3B-XH-A_1x03_P2.50mm_Horizontal","1",""
"J102","XT30PW-M","","footprints:AMASS_XT30PW-M","1",""
"J103,J104,J105","Conn_01x02_Socket","~","footprints:PHOENIX_1759017","3",""
"J701","Conn_02x03_Odd_Even","~","Connector:Tag-Connect_TC2030-IDC-NL_2x03_P1.27mm_Vertical","1",""
"J1101,J1301,J1401","USB_C_Receptacle_USB2.0","https://www.usb.org/sites/default/files/documents/usb_type-c.zip","Connector_USB:USB_C_Receptacle_XKB_U262-16XN-4BVC11","3",""
"L301,L501","6.8uH (74439346068)","~","footprints:74439346068","2",""
"L801","1.5uH (744311150)","~","footprints:WE-HCI_7030_7040_705023","1",""
"L1101,L1301,L1401","EMTEK CMF3216F-900M-2P-T","~","Inductor_SMD:L_CommonMode_Wurth_WE-CNSW-1206","3",""
"Q401","CSD18543Q3A","https://www.ti.com/lit/ds/symlink/csd18543q3a.pdf","Package_SON:VSON-8_3.3x3.3mm_P0.65mm_NexFET","1",""
"R101,R102,R103,R104,R105,R106,R201,R402,R601,R701,R703,R801,R802,R804,R806,R901,R903,R907,R909,R911","10k","~","Resistor_SMD:R_0402_1005Metric,Resistor_SMD:R_0402_1005Metric_Pad0.72x0.64mm_HandSolder","20",""
"R202,R203,R702,R711","1k","~","Resistor_SMD:R_0402_1005Metric,Resistor_SMD:R_0402_1005Metric_Pad0.72x0.64mm_HandSolder","4",""
"R301,R501","39k","~","Resistor_SMD:R_0402_1005Metric","2",""
"R302,R401,R502,R812","0E","~","Resistor_SMD:R_0402_1005Metric","4",""
"R303,R503","158k","~","Resistor_SMD:R_0402_1005Metric","2",""
"R304,R504,R805","30k","~","Resistor_SMD:R_0402_1005Metric","3",""
"R602","33k","~","Resistor_SMD:R_0402_1005Metric","1",""
"R603","75k","~","Resistor_SMD:R_0402_1005Metric","1",""
"R604,R906","24k","~","Resistor_SMD:R_0402_1005Metric","2",""
"R704,R705","27E","~","Resistor_SMD:R_0402_1005Metric_Pad0.72x0.64mm_HandSolder","2",""
"R706","200E","~","Resistor_SMD:R_0402_1005Metric_Pad0.72x0.64mm_HandSolder","1",""
"R707","1E","~","Resistor_SMD:R_0402_1005Metric_Pad0.72x0.64mm_HandSolder","1",""
"R708,R709,R710","50E","~","Resistor_SMD:R_0402_1005Metric_Pad0.72x0.64mm_HandSolder","3",""
"R809,R902,R904,R905,R908","6.2k","~","Resistor_SMD:R_0402_1005Metric","5",""
"R810","12k","~","Resistor_SMD:R_0402_1005Metric","1",""
"R811","3.3k","~","Resistor_SMD:R_0402_1005Metric","1",""
"R912","20k","~","Resistor_SMD:R_0402_1005Metric","1",""
"SW201,SW701,SW702","SW_SPST","~","Button_Switch_SMD:SW_SPDT_PCM12,Button_Switch_SMD:SW_SPST_TL3342","3",""
"TH801","Thermistor_NTC_US","~","Resistor_SMD:R_0603_1608Metric","1",""
"TP301,TP302,TP303,TP304,TP305,TP306,TP307,TP308,TP401,TP402,TP403,TP404,TP405,TP406,TP501,TP502,TP503,TP504,TP505,TP506,TP507,TP508,TP601,TP602,TP603,TP604,TP605,TP606,TP701,TP703,TP704,TP705,TP706,TP707,TP708,TP709,TP710,TP711,TP712,TP713,TP714,TP715,TP716,TP717,TP718,TP719,TP720,TP722,TP723,TP724,TP725,TP726,TP727,TP728,TP729,TP730,TP731,TP732,TP733,TP734,TP735,TP736,TP737,TP738,TP739,TP740,TP741,TP742,TP743,TP744,TP745,TP801,TP802,TP803,TP804,TP805,TP806,TP807,TP808,TP809,TP810,TP811,TP812,TP813,TP814,TP815,TP816,TP1101,TP1102,TP1103,TP1104,TP1105,TP1106,TP1107,TP1108,TP1109,TP1110,TP1301,TP1302,TP1303,TP1304,TP1305,TP1306,TP1307,TP1308,TP1309,TP1310,TP1401,TP1402,TP1403,TP1404,TP1405,TP1406,TP1407,TP1408,TP1409,TP1410","TestPoint_Small","~","TestPoint:TestPoint_Pad_D1.0mm","117",""
"TP702","MCU_RUN","~","TestPoint:TestPoint_Pad_D1.0mm","1",""
"TP721","MCU_BOOT","~","TestPoint:TestPoint_Pad_D1.0mm","1",""
"U301,U501","AP63357QZV-7","","footprints:CONV_AP63357QZV-7","2",""
"U401","LM74700QDBVRQ1","","footprints:SOT95P280X145-6N","1",""
"U601","MPM3606GQV-P","MPM3606GQV-P","footprints:QFN3p0x5p0x1p6_MPM3606_MNP","1",""
"U701","RP2040","","footprints:QFN40P700X700X90-57N","1",""
"U702","W25Q128JVS","http://www.winbond.com/resource-files/w25q128jv_dtr%20revc%2003272018%20plus.pdf","PCM_Package_SO_AKL:SOIC-8_5.23x5.23mm_P1.27mm","1",""
"U801","MP2672AGD-0000-P","https://www.monolithicpower.com/en/documentview/productdocument/index/version/2/document_type/Datasheet/lang/en/sku/MP2672AGD/document_id/9059/","footprints:MP2672AGD0000P","1",""
"U1001,U1002","74AHC1G08","http://www.ti.com/lit/sg/scyt129e/scyt129e.pdf","footprints:SOT95P280X145-5N","2",""
"U1101,U1301,U1401","USBLC6-2P6","https://www.st.com/resource/en/datasheet/usblc6-2.pdf","Package_TO_SOT_SMD:SOT-666","3",""
"Y701","Crystal 12MHz","~","Crystal:Crystal_SMD_5032-2Pin_5.0x3.2mm","1",""
